{
  "id": "2915213",
  "name": "breeze",
  "font_family": "iconfont",
  "css_prefix_text": "icon-",
  "description": "",
  "glyphs": [
    {
      "icon_id": "12662246",
      "name": "添加朋友",
      "font_class": "tianjiapengyou",
      "unicode": "e672",
      "unicode_decimal": 58994
    },
    {
      "icon_id": "1002631",
      "name": "图片",
      "font_class": "icon",
      "unicode": "e694",
      "unicode_decimal": 59028
    },
    {
      "icon_id": "1620902",
      "name": "页面",
      "font_class": "yemian",
      "unicode": "e632",
      "unicode_decimal": 58930
    },
    {
      "icon_id": "4347549",
      "name": "icon_设置",
      "font_class": "icon_shezhi",
      "unicode": "eb8d",
      "unicode_decimal": 60301
    },
    {
      "icon_id": "4354245",
      "name": "工业组件-仪表盘",
      "font_class": "gongyezujian-yibiaopan",
      "unicode": "eb94",
      "unicode_decimal": 60308
    },
    {
      "icon_id": "11372687",
      "name": "评论",
      "font_class": "pinglun",
      "unicode": "e8b4",
      "unicode_decimal": 59572
    },
    {
      "icon_id": "12753474",
      "name": "编辑文章",
      "font_class": "bianjiwenzhang_huaban",
      "unicode": "e62e",
      "unicode_decimal": 58926
    },
    {
      "icon_id": "13604677",
      "name": "用户",
      "font_class": "yonghu",
      "unicode": "e65b",
      "unicode_decimal": 58971
    },
    {
      "icon_id": "760249",
      "name": "qq",
      "font_class": "qq",
      "unicode": "e63e",
      "unicode_decimal": 58942
    },
    {
      "icon_id": "6337456",
      "name": "插入链接",
      "font_class": "charulianjie",
      "unicode": "ec7f",
      "unicode_decimal": 60543
    },
    {
      "icon_id": "13253771",
      "name": "github",
      "font_class": "github",
      "unicode": "e603",
      "unicode_decimal": 58883
    },
    {
      "icon_id": "13253848",
      "name": "mail",
      "font_class": "mail",
      "unicode": "e60d",
      "unicode_decimal": 58893
    }
  ]
}
